<?xml version="1.0" encoding="utf-8"?>
<extension type="component" version="3.0" method="upgrade">
    <name>com_simplecallback</name>
    <creationDate>2016-07-25</creationDate>
    <copyright>2016 Alexey Startler</copyright>
    <license>GNU General Public License version 2 or later; see LICENSE.txt</license>
    <author>Alexey Startler</author>
    <authorEmail>info@startler.ru</authorEmail>
    <authorUrl>http://startler.ru</authorUrl>
    <version>1.0.0</version>
    <description>Special component for Simple Callback module</description>

    <install>
        <sql>
            <file driver="mysql" charset="utf8">sql/install.mysql.utf8.sql</file>
        </sql>
    </install>
    <update>
        <sql>
            <file driver="mysql" charset="utf8">sql/update.mysql.utf8.sql</file>
        </sql>
    </update>
    <uninstall>
        <sql>
            <file driver="mysql" charset="utf8">sql/uninstall.mysql.utf8.sql</file>
        </sql>
    </uninstall>

    <files folder="site">
        <filename>index.html</filename>
        <filename>simplecallback.php</filename>
        <filename>controller.php</filename>
        <filename>router.php</filename>
        <folder>views</folder>
        <folder>models</folder>
        <folder>controllers</folder>
        <folder>helpers</folder>
    </files>
    <media destination="com_simplecallback" folder="media">
        <folder>js</folder>
        <folder>css</folder>
    </media>
    <languages folder="languages/site">
        <language tag="en-GB">en-GB/en-GB.com_simplecallback.ini</language>
        <language tag="ru-RU">ru-RU/ru-RU.com_simplecallback.ini</language>
    </languages>
    <administration>
        <menu img="media/com_simplecallback/images/s_com_simplecallback.png" >COM_SIMPLECALLBACK</menu>
        <submenu>
            <menu link="option=com_simplecallback&amp;view=messages" view="messages" img="media/com_simplecallback/images/s_messages.png" alt="Simplecallback/Messages">COM_SIMPLECALLBACK_TITLE_MESSAGES</menu>
        </submenu>
        <files folder="administrator">
            <filename>access.xml</filename>
            <filename>config.xml</filename>
            <filename>controller.php</filename>
            <filename>index.html</filename>
            <filename>simplecallback.php</filename>
            <folder>controllers</folder>
            <folder>assets</folder>
            <folder>helpers</folder>
            <folder>models</folder>
            <folder>sql</folder>
            <folder>tables</folder>
            <folder>views</folder>
        </files>
        <languages folder="languages/administrator">
            <language tag="en-GB">en-GB/en-GB.com_simplecallback.ini</language>
            <language tag="en-GB">en-GB/en-GB.com_simplecallback.sys.ini</language>
            <language tag="ru-RU">ru-RU/ru-RU.com_simplecallback.ini</language>
            <language tag="ru-RU">ru-RU/ru-RU.com_simplecallback.sys.ini</language>
        </languages>
    </administration>
    <config>
        <fields name="params">
            <fieldset name="component">
                <field name="save_history" default="0" />
            </fieldset>
        </fields>
    </config>
    <plugins>
        <plugin group="search" plugin="simplecallback"/>
    </plugins>
</extension>
